{"cube": {"knot": [0.0, 1.0, 2.0, 3.0, 4.0, 5.0, 6.0, 7.0, 8.0, 9.0, 10.0, 11.0, 12.0, 13.0, 14.0, 15.0], "degree": 1, "point": [[0.5, 0.5, 0.5], [0.5, 0.5, -0.5], [0.5, -0.5, -0.5], [0.5, -0.5, 0.5], [0.5, 0.5, 0.5], [-0.5, 0.5, 0.5], [-0.5, -0.5, 0.5], [0.5, -0.5, 0.5], [-0.5, -0.5, 0.5], [-0.5, -0.5, -0.5], [-0.5, 0.5, -0.5], [-0.5, 0.5, 0.5], [-0.5, 0.5, -0.5], [0.5, 0.5, -0.5], [0.5, -0.5, -0.5], [-0.5, -0.5, -0.5]]}, "flower": {"knot": [0.0, 0.0, 0.0, 1.0, 2.0, 3.0, 4.0, 5.0, 6.0, 7.0, 8.0, 9.0, 10.0, 11.0, 12.0, 13.0, 14.0, 15.0, 16.0, 17.0, 18.0, 19.0, 20.0, 21.0, 22.0, 23.0, 24.0, 25.0, 26.0, 27.0, 28.0, 29.0, 30.0, 31.0, 32.0, 33.0, 34.0, 35.0, 36.0, 37.0, 38.0, 39.0, 40.0, 41.0, 42.0, 43.0, 44.0, 45.0, 46.0, 47.0, 48.0, 49.0, 50.0, 51.0, 52.0, 53.0, 54.0, 55.0, 56.0, 57.0, 58.0, 59.0, 60.0, 61.0, 62.0, 63.0, 64.0, 65.0, 66.0, 67.0, 68.0, 69.0, 70.0, 71.0, 72.0, 73.0, 74.0, 75.0, 76.0, 77.0, 78.0, 79.0, 80.0, 80.0, 80.0], "degree": 3, "point": [[0.0, 0.0, -1.0], [3.469446951953614e-18, -0.02617321050604573, -1.0], [-3.469446951953614e-18, -0.07854291975736503, -0.9979427752429646], [4.163336342344337e-17, -0.15659453945722343, -0.9887042890483919], [-6.938893903907228e-18, -0.23368571265512644, -0.9733701121342957], [8.326672684688674e-17, -0.3093347930577038, -0.952034784800485], [-1.3877787807814457e-17, -0.3830770813637431, -0.9248298464346871], [-1.3877787807814457e-17, -0.45445747567786293, -0.8919230245284884], [-2.7755575615628914e-17, -0.5230360143620859, -0.8535172005815683], [-2.7755575615628914e-17, -0.5883898551694869, -0.8098491592697927], [-2.7755575615628914e-17, -0.6036815882004195, -0.7068203255244544], [1.6653345369377348e-16, -0.6572771228178784, -0.6572771228385066], [-8.326672684688674e-17, -0.7068203255299814, -0.6036815881234365], [-1.1102230246251565e-16, -0.809849159268198, -0.5883898554788914], [-5.551115123125783e-17, -0.8535172005819961, -0.5230360132073733], [0.0, -0.8919230245283732, -0.45445747998730834], [8.326672684688674e-17, -0.9248298464347182, -0.3830770652806741], [-5.551115123125783e-17, -0.9520347848004763, -0.30933485308053377], [8.326672684688674e-17, -0.9733701121342987, -0.23368548864687508], [2.7755575615628914e-17, -0.9887042890483915, -0.15659537546739796], [5.551115123125783e-17, -0.9979427752429648, -0.07853979972491781], [0.0, -1.0010286123785177, 1.1379786002407856e-16], [5.551115123125783e-17, -0.9979427752429648, 0.07853979972491802], [2.7755575615628914e-17, -0.9887042890483915, 0.1565953754673982], [8.326672684688674e-17, -0.9733701121342987, 0.23368548864687524], [-5.551115123125783e-17, -0.9520347848004763, 0.3093348530805338], [2.7755575615628914e-17, -0.9248298464347181, 0.3830770652806743], [2.7755575615628914e-17, -0.8919230245283738, 0.45445747998730834], [-5.551115123125783e-17, -0.8535172005819961, 0.5230360132073736], [-1.1102230246251565e-16, -0.809849159268198, 0.5883898554788914], [-8.326672684688674e-17, -0.7068203255299814, 0.6036815881234366], [5.551115123125783e-17, -0.6572771228178786, 0.6572771228385065], [-2.7755575615628914e-17, -0.6036815882004193, 0.7068203255244545], [-1.1102230246251565e-16, -0.588389855169487, 0.8098491592697926], [2.7755575615628914e-17, -0.5230360143620859, 0.8535172005815685], [0.0, -0.45445747567786304, 0.8919230245284879], [-2.7755575615628914e-17, -0.38307708136374297, 0.9248298464346871], [5.551115123125783e-17, -0.30933479305770395, 0.952034784800485], [6.245004513516506e-17, -0.23368571265512622, 0.9733701121342957], [6.938893903907228e-18, -0.1565945394572235, 0.9887042890483917], [3.469446951953614e-18, -0.07854291975736503, 0.9979427752429647], [2.465190328815662e-32, -5.941393917774428e-16, 1.0], [-3.469446951953614e-18, 0.07854291975736387, 0.9979427752429646], [6.938893903907228e-18, 0.15659453945722226, 0.9887042890483921], [-1.3877787807814457e-17, 0.2336857126551252, 0.9733701121342959], [0.0, 0.30933479305770256, 0.9520347848004853], [-1.3877787807814457e-17, 0.38307708136374197, 0.9248298464346875], [-1.3877787807814457e-17, 0.454457475677862, 0.8919230245284888], [-1.6653345369377348e-16, 0.5230360143620847, 0.8535172005815689], [-1.3877787807814457e-16, 0.5883898551694862, 0.8098491592697933], [-2.498001805406602e-16, 0.6036815882004188, 0.7068203255244553], [5.551115123125783e-17, 0.6572771228178775, 0.6572771228385075], [-1.1102230246251565e-16, 0.7068203255299801, 0.6036815881234372], [-5.551115123125783e-17, 0.8098491592681976, 0.5883898554788922], [-8.326672684688674e-17, 0.8535172005819954, 0.5230360132073741], [-5.551115123125783e-17, 0.8919230245283729, 0.45445747998730923], [-1.6653345369377348e-16, 0.9248298464347176, 0.38307706528067503], [5.551115123125783e-17, 0.9520347848004761, 0.3093348530805347], [-2.7755575615628914e-17, 0.9733701121342981, 0.23368548864687605], [-8.326672684688674e-17, 0.988704289048391, 0.15659537546739896], [-5.551115123125783e-17, 0.9979427752429648, 0.07853979972491883], [0.0, 1.0010286123785175, 8.978847995933091e-16], [-5.551115123125783e-17, 0.9979427752429648, -0.07853979972491701], [-2.7755575615628914e-17, 0.9887042890483915, -0.1565953754673972], [-8.326672684688674e-17, 0.9733701121342987, -0.23368548864687427], [0.0, 0.9520347848004765, -0.3093348530805329], [-8.326672684688674e-17, 0.9248298464347182, -0.3830770652806734], [-5.551115123125783e-17, 0.8919230245283744, -0.45445747998730746], [8.326672684688674e-17, 0.8535172005819962, -0.5230360132073727], [-5.551115123125783e-17, 0.8098491592681984, -0.5883898554788906], [5.551115123125783e-17, 0.7068203255299818, -0.603681588123436], [-8.326672684688674e-17, 0.6572771228178792, -0.6572771228385056], [-2.7755575615628914e-17, 0.6036815882004202, -0.7068203255244538], [8.326672684688674e-17, 0.5883898551694878, -0.8098491592697921], [2.7755575615628914e-17, 0.5230360143620864, -0.853517200581568], [-1.1102230246251565e-16, 0.4544574756778638, -0.8919230245284875], [-4.163336342344337e-17, 0.3830770813637437, -0.9248298464346867], [1.3877787807814457e-17, 0.30933479305770467, -0.9520347848004846], [-2.0816681711721685e-17, 0.23368571265512705, -0.9733701121342956], [6.938893903907228e-18, 0.15659453945722435, -0.9887042890483916], [-6.938893903907228e-18, 0.07854291975736585, -0.9979427752429647], [4.336808689942018e-18, 0.026173210506046554, -1.0], [-2.465190328815662e-32, 8.330074156748355e-16, -1.0]]}, "triangle": {"knot": [0.0, 1.0, 2.0, 3.0], "degree": 1, "point": [[1.0345196926886402e-07, 0.0, -1.0000000599747771], [0.8660254037844386, 0.0, 0.5000000000000001], [-0.866025447631763, 0.0, 0.49999995673650394], [1.0345196926886402e-07, 0.0, -1.0000000599747771]]}, "sphere": {"knot": [-2.0, -1.0, 0.0, 1.0, 2.0, 3.0, 4.0, 5.0, 6.0, 7.0, 8.0, 9.0, 10.0], "degree": 3, "point": [[0.0, -0.7836116248912245, -0.7836116248912246], [6.785732323110918e-17, -6.785732323110915e-17, -1.1081941875543877], [0.0, 0.7836116248912245, -0.7836116248912244], [0.0, 1.1081941875543881, -5.74489823752483e-17], [0.0, 0.7836116248912245, 0.7836116248912245], [-6.785732323110913e-17, 1.1100856969603227e-16, 1.1081941875543884], [0.0, -0.7836116248912245, 0.7836116248912244], [0.0, -1.1081941875543881, 1.511240500779959e-16], [0.0, -0.7836116248912245, -0.7836116248912246], [6.785732323110918e-17, -6.785732323110915e-17, -1.1081941875543877], [0.0, 0.7836116248912245, -0.7836116248912244]]}, "halfSphereSquare": {"knot": [0.0, 1.0, 2.0, 3.0, 4.0, 5.0, 6.0, 7.0, 8.0, 9.0, 10.0, 11.0, 12.0, 13.0, 14.0], "degree": 1,