{"SwitchShape": {"degree": 3, "knot": [0.0, 0.0, 0.0, 1.0, 2.0, 3.0, 4.0, 5.0, 6.0, 7.0, 8.0, 8.0, 8.0, 9.0, 9.0, 9.0, 10.0, 11.0, 12.0, 13.0, 14.0, 15.0, 16.0, 17.0, 17.0, 17.0, 18.0, 18.0, 18.0], "point": [[-0.39999999999999963, 3.0122309999702355e-16, -0.20000000000000098], [-0.4260120429354833, 3.2432643518463333e-16, -0.20000000000000104], [-0.47860556346865485, 3.745072992393768e-16, -0.1895863743164104], [-0.5450825822945894, 4.483666497459397e-16, -0.1451031289061135], [-0.5895922447768442, 5.100727282291963e-16, -0.07852924748300005], [-0.605203877611578, 5.500941372079224e-16, -1.3438225590335984e-15], [-0.5895922447768442, 5.623837154264635e-16, 0.0785292474829976], [-0.5450825822945901, 5.450247505399704e-16, 0.14510312890611127], [-0.47860556346865535, 5.007971939921451e-16, 0.1895863743164081], [-0.42601204293548406, 4.575531981396518e-16, 0.19999999999999915], [-0.4000000000000004, 4.3444986295204216e-16, 0.1999999999999992], [-0.1333333333333337, 1.9760228436534163e-16, 0.1999999999999998], [0.13333333333333292, -3.924529422135872e-17, 0.20000000000000043], [0.39999999999999963, -2.7609287280805915e-16, 0.20000000000000098], [0.4260120429354833, -3.023817645076912e-16, 0.20000000000000104], [0.4786055634686547, -3.590034772201186e-16, 0.1895863743164102], [0.5450825822945896, -4.4100391455888555e-16, 0.14510312890611365], [0.589592244776844, -5.08160854611144e-16, 0.07852924748300023], [0.605203877611578, -5.500941372079224e-16, 1.3438225590335984e-15], [0.5895922447768445, -5.604718418084116e-16, -0.07852924748299743], [0.5450825822945898, -5.37662015352916e-16, -0.1451031289061111], [0.4786055634686555, -4.852933719728869e-16, -0.1895863743164083], [0.42601204293548406, -4.356085274627096e-16, -0.19999999999999915], [0.4000000000000004, -4.0931963576307776e-16, -0.1999999999999992], [0.13333333333333372, -1.724720571763772e-16, -0.1999999999999998], [-0.1333333333333329, 6.437552141032314e-17, -0.20000000000000043], [-0.39999999999999963, 3.0122309999702355e-16, -0.20000000000000098]]}, "IKShape": {"degree": 1, "knot": [0.0, 1.0, 2.0, 3.0, 4.0, 5.0, 6.0, 7.0, 8.0, 9.0, 10.0, 11.0, 12.0, 13.0, 14.0, 15.0, 16.0, 17.0, 18.0, 19.0], "point": [[0.25, 1.0, 1.0], [0.25, 1.0, -1.0], [-0.25, 1.0, -1.0], [-0.25, 1.0, 1.0], [0.25, 1.0, 1.0], [0.25, -1.0, 1.0], [0.25, -1.0, -1.0], [0.25, 1.0, -1.0], [0.25, -1.0, -1.0], [-0.25, -1.0, -1.0], [-0.25, 1.0, -1.0], [-0.25, -1.0, -1.0], [-0.25, -1.0, 1.0], [-0.25, 1.0, 1.0], [-0.25, -1.0, 1.0], [0.25, -1.0, 1.0], [0.25, 1.0, 1.0], [0.25, 1.0, -1.0], [0.25, -1.0, -1.0], [0.25, -1.0, 1.0]]}, "MainShape": {"degree": 3, "knot": [-2.0, -1.0, 0.0, 1.0, 2.0, 3.0, 4.0, 5.0, 6.0, 7.0, 8.0, 9.0, 10.0], "point": [[0.8521825891356968, 4.798237340988473e-17, -0.8521825891356969], [6.785732323110912e-17, 6.785732323110912e-17, -0.9783612375108776], [-0.8521825891356968, 4.798237340988472e-17, -0.8521825891356966], [-0.9783612375108777, 3.517735619006027e-33, -5.74489823752483e-17], [-0.8521825891356968, -4.7982373409884725e-17, 0.8521825891356968], [-1.1100856969603226e-16, -6.785732323110917e-17, 0.9783612375108777], [0.8521825891356968, -4.798237340988472e-17, 0.8521825891356966], [0.9783612375108777, -9.253679210110099e-33, 1.511240500779959e-16], [0.8521825891356968, 4.798237340988473e-17, -0.8521825891356969], [6.785732323110912e-17, 6.785732323110912e-17, -0.9783612375108776], [-0.8521825891356968, 4.798237340988472e-17, -0.8521825891356966]]}, "RootShape": {"degree": 1, "knot": [0.0, 1.0, 2.0, 3.0, 4.0, 5.0, 6.0, 7.0, 8.0, 9.0, 10.0, 11.0, 12.0, 13.0, 14.0, 15.0, 16.0, 17.0, 18.0, 19.0, 20.0, 21.0, 22.0, 23.0, 24.0, 25.0, 26.0, 27.0, 28.0, 29.0, 30.0, 31.0, 32.0, 33.0, 34.0, 35.0, 36.0, 37.0, 38.0, 39.0, 40.0, 41.0, 42.0, 43.0, 44.0, 45.0, 46.0, 47.0, 48.0, 49.0, 50.0, 51.0, 52.0], "point": [[-1.0, 0.0, 0.7000300288200378], [-1.0, 0.0, -0.7000300288200378], [-0.9974337220191956, 0.0, -0.7391839623451233], [-0.9897787570953369, 0.0, -0.7776679992675781], [-0.9771661162376404, 0.0, -0.814823567867279], [-0.9598116278648376, 0.0, -0.8500150442123413], [-0.9380121827125549, 0.0, -0.8826401829719543], [-0.9121408462524414, 0.0, -0.9121408462524414], [-0.8826401829719543, 0.0, -0.9380121827125549], [-0.8500150442123413, 0.0, -0.9598116278648376], [-0.814823567867279, 0.0, -0.9771661162376404], [-0.7776679992675781, 0.0, -0.9897787570953369], [-0.7391839623451233, 0.0, -0.9974337220191956], [-0.7000300288200378, 0.0, -1.0], [0.7000300288200378, 0.0, -1.0], [0.7391839623451233, 0.0, -0.9974337220191956], [0.7776679992675781, 0.0, -0.9897787570953369], [0.814823567867279, 0.0, -0.9771661162376404], [0.8500150442123413, 0.0, -0.9598116278648376], [0.8826401829719543, 0.0, -0.9380121827125549], [0.9121408462524414, 0.0, -0.9121408462524414], [0.9380121827125549, 0.0, -0.8826401829719543], [0.9598116278648376, 0.0, -0.8500150442123413], [0.9771661162376404, 0.0, -0.814823567867279], [0.9897787570953369, 0.0, -0.7776679992675781], [0.9974337220191956, 0.0, -0.7391839623451233], [1.0, 0.0, -0.7000300288200378], [1.0, 0.0, 0.7000300288200378], [0.9974337220191956, 0.0, 0.7391839623451233], [0.9897787570953369, 0.0, 0.7776679992675781], [0.9771661162376404, 0.0, 0.814823567867279], [0.9598116278648376, 0.0, 0.8500150442123413], [0.9380121827125549, 0.0, 0.8826401829719543], [0.9121408462524414, 0.0, 0.9121408462524414], [0.8826401829719543, 0.0, 0.9380121827125549], [0.8500150442123413, 0.0, 0.9598116278648376], [0.814823567867279, 0.0, 0.9771661162376404], [0.7776679992675781, 0.0, 0.9897787570953369], [0.7391839623451233, 0.0, 0.9974337220191956], [0.7000300288200378, 0.0, 1.0], [-0.7000300288200378, 0.0, 1.0], [-0.7391839623451233, 0.0, 0.9974337220191956], [-0.7776679992675781, 0.0, 0.9897787570953369], [-0.814823567867279, 0.0, 0.9771661162376404], [-0.8500150442123413, 0.0, 0.9598116278648376], [-0.8826401829719543, 0.0, 0.9380121827125549], [-0.9121408462524414, 0.0, 0.9121408462524414], [-0.9380121827125549, 0.0, 0.8826401829719543], [-0.9598116278648376, 0.0, 0.8500150442123413], [-0.9771661162376404, 0.0, 0.814823567867279], [-0.9897787570953369, 0.0, 0.7776679992675781], [-0.9974337220191956, 0.0, 0.7391839623451233], [-1.0, 0.0, 0.7000300288200378]]}, "AimShape": {"degree": 1, "knot": [0.0, 1.0, 2.0, 3.0, 4.0, 5.0, 6.0, 7.0], "point": [[0.0, 0.0, 1.0], [0.0, 0.0, -1.0], [0.0, 0.0, 0.0], [-1.0, 0.0, 0.0], [1.0, 0.0, 0.0], [0.0, 0.0, 0.0], [0.0, 1.0, 0.0], [0.0, -1.0, 0.0]]}, "ScapulaShape": {"degree": 1, "knot": [0.0, 1.0, 2.0, 3.0, 4.0, 5.0, 6.0, 7.0, 8.0, 9.0, 10.0, 11.0, 12.0, 13.0, 14.0, 15.0, 16.0, 17.0, 18.0, 19.0, 20.0, 21.0, 22.0, 23.0, 24.0, 25.0, 26.0, 27.0, 28.0, 29.0, 30.0, 31.0, 32.0, 33.0, 34.0, 35.0, 36.0, 37.0, 38.0, 39.0, 40.0],